Trial Number,Condition Index,Probe Index,Sector Index,Absolute Tilt,Probe Angle,
0,3,0,3,23.00077,2.486678,
1,0,1,5,25.37073,3.319716,
2,3,0,0,326.616,0.5722864,
3,0,1,9,60.92749,3.854161,
4,2,0,6,330.3969,4.276928,
5,1,1,8,34.80811,5.368446,
