{"cameraMode":{"drawMode":0,"name":"Shaded","section":"Shading Mode"},"sceneLighting":true,"audioPlay":false,"sceneViewState":{"m_AlwaysRefresh":false,"showFog":true,"showSkybox":true,"showFlares":true,"showImageEffects":true,"showParticleSystems":true,"showVisualEffectGraphs":true,"m_FxEnabled":true},"in2DMode":false,"pivot":{"x":0.5554603338241577,"y":0.5957053303718567,"z":2.7238216400146486},"rotation":{"x":-0.031103432178497316,"y":0.15706418454647065,"z":-0.004949163179844618,"w":-0.9870860576629639},"size":1.2707529067993165,"orthographic":false}